wallet,claimable_neta,anzahl_claims,erster_claim_frei_seit_utc,letzter_claim_frei_seit_utc
juno1vsjmzmeagn6ra3agntdpfcy72a0ck5pxh6sjg9,89.533088,1,2023-06-18T06:41:01.875809+00:00,2023-06-18T06:41:01.875809+00:00
juno1vfh72k8p556hq9vhv7am6luxuj0mqscmw33cnx,50.000000,1,2025-11-17T17:57:38.496436+00:00,2025-11-17T17:57:38.496436+00:00
juno1fwvsuv9y9pdatktpyyaww5z04kwgzc7g58vfr9,40.000000,1,2025-02-18T22:11:30.829131+00:00,2025-02-18T22:11:30.829131+00:00
juno1fh9clee65xka5rcmd9afl44xdd6d0zw6c9fp6h,33.420000,1,2025-05-19T16:39:04.270377+00:00,2025-05-19T16:39:04.270377+00:00
juno1fdf6fe8z0wq8rpjnphc9x9mgh34auq209aveda,26.343204,1,2026-01-12T11:22:59.523682+00:00,2026-01-12T11:22:59.523682+00:00
juno1cq7gq7vwejp2dstj8xsszumf2a6cvjgz6wk29a,20.000903,1,2025-04-26T03:45:54.654117+00:00,2025-04-26T03:45:54.654117+00:00
juno1n8j9xve22sh5arf2kfdtdde46udztadapjn4fy,15.002691,1,2026-03-10T21:11:51.852919+00:00,2026-03-10T21:11:51.852919+00:00
juno1s33zct2zhhaf60x4a90cpe9yquw99jj0zen8pt,15.000000,1,2023-07-31T12:24:32.300735+00:00,2023-07-31T12:24:32.300735+00:00
juno1l5fl0x0mz0euezyyww846ufs4znlw9cy5ch9sx,14.327756,1,2025-02-24T20:37:10.096462+00:00,2025-02-24T20:37:10.096462+00:00
juno1pvcm3nx4qtuljps2uu6c7teaqmzr9jvlmnjl0t,14.299283,1,2024-03-26T04:39:46.043960+00:00,2024-03-26T04:39:46.043960+00:00
juno10m0k4a3tudk6mglc9nez5w9yjvgkk9kuecl8jt,14.000000,1,2024-03-11T09:43:13.030223+00:00,2024-03-11T09:43:13.030223+00:00
juno13gd97ke6erejqk2p050xkpc63jhtujrejmvj90,12.306967,1,2025-02-18T01:05:29.854753+00:00,2025-02-18T01:05:29.854753+00:00
juno1880z6724rrl8dnlmt82v59uw7ek0dvayhc3e4g,10.001251,1,2025-12-31T17:17:34.142509+00:00,2025-12-31T17:17:34.142509+00:00
juno1a8u02d5y8a9mlwkkvwegeurhxu8kc970wmutcz,10.000000,1,2024-03-28T20:15:28.826749+00:00,2024-03-28T20:15:28.826749+00:00
juno1h8n4qh8u66psn6jf55vtq232rhjkr6wxm0hv3c,10.000000,1,2025-06-10T19:42:43.554971+00:00,2025-06-10T19:42:43.554971+00:00
juno1jp2c9j2ap28cd7ftzlw2ngf3tfyktzlycmv54a,10.000000,1,2024-02-12T19:52:41.949152+00:00,2024-02-12T19:52:41.949152+00:00
juno1ff8j98rrzksn579vdt3kehyk6dsed8777j6qjl,8.000000,1,2024-05-29T16:35:43.780450+00:00,2024-05-29T16:35:43.780450+00:00
juno1f9288phuzredp9n83r8kg5aj69medzz9p9k90v,7.000000,1,2023-03-21T22:45:30.659286+00:00,2023-03-21T22:45:30.659286+00:00
juno1xjfgaw24t5yl094l72r9wdz03tzhpdajsk9rce,6.010000,1,2026-02-14T21:48:59.301765+00:00,2026-02-14T21:48:59.301765+00:00
juno12utvy8hljexu6h0z3eux35wwsjvetz0arh360a,5.000000,1,2024-07-05T19:52:15.047871+00:00,2024-07-05T19:52:15.047871+00:00
juno19nmj0pugzugswrtkge2nkklh74lfphvkwrlrvm,5.000000,1,2025-07-18T11:32:12.687486+00:00,2025-07-18T11:32:12.687486+00:00
juno1fyttsl05k4x0vrr685f7wuqehdcmacm2s8se8g,5.000000,1,2023-12-06T07:38:20.136664+00:00,2023-12-06T07:38:20.136664+00:00
juno1m234dnn4huwga92r44f23xmu03qa90xm2exq4j,5.000000,1,2023-02-04T01:12:44.380476+00:00,2023-02-04T01:12:44.380476+00:00
juno1pswe4zg8agsn8vjqtp5y7p69c2uu9znc943a2p,5.000000,1,2024-09-11T11:20:04.573020+00:00,2024-09-11T11:20:04.573020+00:00
juno1pu0q2fq6s823u7kt3ljtgs8vt58kkrwgksjk75,5.000000,2,2024-04-28T16:32:41.132974+00:00,2024-04-28T16:33:18.077732+00:00
juno1qh25fcfkwh0mxcdh5563kgyylq77fqep0rq8tm,5.000000,1,2025-02-19T00:34:47.426555+00:00,2025-02-19T00:34:47.426555+00:00
juno14pwe87zgx7geymn3kdj5hgr3mnw8yf8de6hya7,4.833491,1,2022-12-21T06:58:03.732502+00:00,2022-12-21T06:58:03.732502+00:00
juno1mf90w34uxzlxuydeetc2dkyc5c993rle7sj3he,4.546794,1,2023-02-17T10:16:16.171492+00:00,2023-02-17T10:16:16.171492+00:00
juno1dryykk7eyxncr7elnl36dvx7agulxn6wdefdv9,4.309901,1,2023-07-23T13:45:35.166972+00:00,2023-07-23T13:45:35.166972+00:00
juno1a992k43zy470dlpnmcu3wzxd9gq3yp4aly32cf,4.000000,2,2024-04-08T08:19:29.997176+00:00,2024-06-07T08:45:24.582536+00:00
juno10lcueka7tzjfcx0xcenq5jq8345vspcr8z4jja,3.636824,1,2024-11-03T16:53:08.998751+00:00,2024-11-03T16:53:08.998751+00:00
juno1uz07k6e0txmv3agfczp4yqm7zsl32fkw4qahxz,3.569567,1,2023-11-11T17:58:18.693190+00:00,2023-11-11T17:58:18.693190+00:00
juno1ka7qn8fwynsdfhj5kegrm8w6vlrtnm9qga2hfh,3.515521,1,2025-03-12T17:38:24.776687+00:00,2025-03-12T17:38:24.776687+00:00
juno1qtfxjjf5lrsjnf0y8n0rwg200thp245ygwquzm,3.000001,2,2024-04-08T08:18:21.963700+00:00,2024-06-07T08:43:39.334427+00:00
juno104tlrtp7642rgx5nhqnfrp3y943daepgqlw066,3.000000,1,2025-06-14T13:34:38.196551+00:00,2025-06-14T13:34:38.196551+00:00
juno1ah04s9xxkn8e8qlrs0qm7udw5ltt6te7rr0jur,3.000000,1,2024-03-22T21:18:25.824482+00:00,2024-03-22T21:18:25.824482+00:00
juno1q86973k9dt66l090yg2vw24ajj98pry5g2qtyl,3.000000,1,2023-08-18T14:39:47.880148+00:00,2023-08-18T14:39:47.880148+00:00
juno1s7p8qqe7ucs23nmnld3p746hsk25aujtt20sr2,3.000000,1,2026-01-01T19:50:59.187441+00:00,2026-01-01T19:50:59.187441+00:00
juno1fgwaqndwpl2hmk6vv98vt07fkefvx46wmvsl8n,2.506313,1,2025-02-19T02:59:39.666848+00:00,2025-02-19T02:59:39.666848+00:00
juno1fhezjhpz3qxzmumvmsfw98favl8920waclls6x,2.230400,1,2025-04-29T16:34:15.157519+00:00,2025-04-29T16:34:15.157519+00:00
juno10r72d93uwd4ugeyatdrrvufeq80vrex6n2yex2,2.117674,1,2023-08-17T04:18:54.964828+00:00,2023-08-17T04:18:54.964828+00:00
juno1yera5r8ancdhedeyqcumjwgpxe53au95t6un8l,2.105881,1,2023-03-16T21:59:02.582613+00:00,2023-03-16T21:59:02.582613+00:00
juno1prkt7s379wupzh8nmuefa9hw5xyddqwk9dpjf3,2.013028,1,2024-03-15T21:03:01.993484+00:00,2024-03-15T21:03:01.993484+00:00
juno1j5z473jelsax74ht74vxfng2jhc0hvrkgz6lh7,2.006956,1,2024-07-09T17:24:04.892397+00:00,2024-07-09T17:24:04.892397+00:00
juno16e4q5jzwwg9smjuh9pcwfgnwslxnxjd95u4wrh,2.006124,1,2025-01-10T22:31:02.917984+00:00,2025-01-10T22:31:02.917984+00:00
juno1hred7tch78xhjkrmsggwu246qhl52h597zsmef,2.001624,1,2025-12-07T21:00:21.423337+00:00,2025-12-07T21:00:21.423337+00:00
juno10numeh299y20p5hrnmkn0wv4cm6n23zj7278mh,2.000000,1,2023-04-21T20:01:16.979360+00:00,2023-04-21T20:01:16.979360+00:00
juno1cclvds6qkapm7d6m8akag2z2kqgqct5gdt8xt5,2.000000,1,2025-04-18T12:30:42.565308+00:00,2025-04-18T12:30:42.565308+00:00
juno1djqpcjyy2rcphlestk64l3c8pt48udh3hnk4rn,2.000000,1,2023-08-27T13:23:43.723179+00:00,2023-08-27T13:23:43.723179+00:00
juno1hl8zvg27k44pl9aglkn056lrpwvc5zn39dru55,2.000000,1,2025-02-19T04:27:34.990682+00:00,2025-02-19T04:27:34.990682+00:00
juno1phjay9jyx7wty20qpts2t78eqq22dvaqy3hl5x,2.000000,1,2023-05-02T17:56:53.783138+00:00,2023-05-02T17:56:53.783138+00:00
juno1uaux0dl3gh40y9czng2eqn2d52uu8afvx3cpsn,2.000000,1,2024-05-27T15:59:42.466465+00:00,2024-05-27T15:59:42.466465+00:00
juno1vckd82u0vwl5yx74dy6ctjg36unqkdkzsln9vu,2.000000,1,2023-04-24T22:50:04.272986+00:00,2023-04-24T22:50:04.272986+00:00
juno1a9h9wjwpaxhuu9exfjfrky6rwzhtungd4c0vfu,1.800000,1,2026-01-05T03:37:32.535203+00:00,2026-01-05T03:37:32.535203+00:00
juno180pdyeng2am7mmqwm9ruvftsddmd2vyj0pddhp,1.697395,1,2023-06-06T10:01:07.824354+00:00,2023-06-06T10:01:07.824354+00:00
juno1n9fpafyxzg48eqzhqz86j9qpa2qf4gvq9jepxr,1.589430,1,2025-05-30T20:13:21.556868+00:00,2025-05-30T20:13:21.556868+00:00
juno1xtjnzwmf6gadsmw555tyl8dz05pcp9frzugalv,1.500661,1,2026-01-12T22:54:19.185125+00:00,2026-01-12T22:54:19.185125+00:00
juno1dk7nzc3g39np23tr2chsut5w5he59cqmpxeunp,1.500000,1,2025-03-18T19:04:59.748898+00:00,2025-03-18T19:04:59.748898+00:00
juno1ue6qhv8xp760d8ht3fp20rnfs7wg84tg4k4gnp,1.487926,1,2024-06-04T21:38:27.933821+00:00,2024-06-04T21:38:27.933821+00:00
juno12hkf4hsuspm3g7mcdd2jhq9zmmdp756hzdam3l,1.412258,1,2023-05-06T16:31:31.127453+00:00,2023-05-06T16:31:31.127453+00:00
juno1geu3ck8727u0gadksks9phdxpeueqz95msnjn3,1.313872,1,2023-06-23T00:12:16.941404+00:00,2023-06-23T00:12:16.941404+00:00
juno12zq7crlxsd5zak5rjp0k5mlycjy5netmcee9rl,1.305976,1,2023-02-07T13:05:38.850791+00:00,2023-02-07T13:05:38.850791+00:00
juno1w7dndq5ru7v5yuulavfxw5av9dp5e6gwslvrcq,1.246209,1,2023-09-23T10:23:32.484205+00:00,2023-09-23T10:23:32.484205+00:00
juno1jle25kyk88cssjt2c6k53t5a2d7jfca63he66c,1.244724,1,2023-02-07T13:06:20.889606+00:00,2023-02-07T13:06:20.889606+00:00
juno1qvd4xzc3xq25wedwttggta5wu9v5jkv0jpulzx,1.200000,1,2024-11-27T17:33:37.109874+00:00,2024-11-27T17:33:37.109874+00:00
juno1wjfvqa4ea4nlwjlpt8n9rgzemdgqxgfgnzvy9x,1.200000,1,2024-11-27T17:34:28.376755+00:00,2024-11-27T17:34:28.376755+00:00
juno1dmg852ek58jncpphrlgm6e8rzqlk8qnstaytj6,1.174276,1,2023-05-06T14:34:29.962629+00:00,2023-05-06T14:34:29.962629+00:00
juno1jvh4twzc0d2svn0u5xw26xsu8qmequ4vl7rzml,1.143024,1,2024-04-16T20:00:00.752299+00:00,2024-04-16T20:00:00.752299+00:00
juno1hezey746cjnkrafjujdtfs52cv4qw6jdsavyg5,1.124349,1,2024-06-12T04:02:46.624408+00:00,2024-06-12T04:02:46.624408+00:00
juno1ehgps9n084r3qpw67j59ardmmj20zs8pdw7hty,1.102059,1,2025-02-06T09:07:02.698161+00:00,2025-02-06T09:07:02.698161+00:00
juno1g0xluyamawjq5g097qtzm840dcf3unhn6q70y4,1.100476,1,2023-09-23T10:24:08.407547+00:00,2023-09-23T10:24:08.407547+00:00
juno1379vm20rs8mlcwsc8urfvjz97tmgmxurh63aau,1.100000,1,2024-06-09T20:29:35.014122+00:00,2024-06-09T20:29:35.014122+00:00
juno1fmnxm3exvkk3zs4vskz28xxvhw6ckygtytd7ru,1.100000,1,2023-07-31T19:27:56.152038+00:00,2023-07-31T19:27:56.152038+00:00
juno1mx8k2yka8x4weqhrdm2w0hs2d0jwuy7q3c8rfv,1.100000,1,2023-06-03T16:32:59.728080+00:00,2023-06-03T16:32:59.728080+00:00
juno1nuy5effr6xkhy9a7xpkfjmvyv43ys0f43vtzu4,1.100000,1,2026-03-24T14:12:55.969540+00:00,2026-03-24T14:12:55.969540+00:00
juno1rwldprss28md49qkdh5w05e86f4q8ah4v5fpsp,1.100000,1,2023-06-03T16:32:24.046454+00:00,2023-06-03T16:32:24.046454+00:00
juno1xzsu93xry7wze2xfggukprhvpcq8vsrdv34fps,1.100000,1,2023-06-03T16:31:53.384177+00:00,2023-06-03T16:31:53.384177+00:00
juno1zpqf4a6fxha06d3tft8f52s88zkd9t8sh6jal3,1.100000,1,2023-03-03T15:06:06.180321+00:00,2023-03-03T15:06:06.180321+00:00
juno1qf0kxkk60qrcj5qa7v7t439249qfkcd47nu7lk,1.090390,1,2025-02-24T04:23:01.763517+00:00,2025-02-24T04:23:01.763517+00:00
juno136rh00tyhnff8062sm0c0pcl6ncnktljs2wj06,1.085283,1,2023-06-26T09:01:27.012107+00:00,2023-06-26T09:01:27.012107+00:00
juno1vezvslv7gx7ml7xlxaxu0u7ykhy8ttvd3mn2ay,1.083810,1,2025-02-23T05:58:19.321991+00:00,2025-02-23T05:58:19.321991+00:00
juno14ee37sr25lrrt0vvgyrx8ru4gh6jl0wxaf5pn6,1.075350,1,2024-04-17T08:54:58.416100+00:00,2024-04-17T08:54:58.416100+00:00
juno1qa9n2hntgwtgjrnl2tl5cwn6k5t7wuz6kdhu4l,1.062082,1,2024-05-31T14:40:02.020152+00:00,2024-05-31T14:40:02.020152+00:00
juno17lp0xs8aauzn6dcs606lk6mwtd894q0ja958v4,1.052645,1,2025-02-23T05:57:22.624523+00:00,2025-02-23T05:57:22.624523+00:00
juno1c5fkllf3j9nmr2hkuvyuf6xh73lyuf76wplr0z,1.050000,1,2025-02-17T19:40:02.751061+00:00,2025-02-17T19:40:02.751061+00:00
juno1jf7kner635kk5u6wtx64uy8d9y3nwunsx57njc,1.050000,1,2025-02-17T19:40:39.878919+00:00,2025-02-17T19:40:39.878919+00:00
juno1jpz8wm76l32cs4aq25zx8r3ef9segan7yz9fzj,1.047729,1,2025-02-23T05:57:51.054214+00:00,2025-02-23T05:57:51.054214+00:00
juno1jfy2dg4dka0qkccp2zfyk65dz6xqv0y6a5ldnp,1.035952,1,2024-03-26T00:02:08.526212+00:00,2024-03-26T00:02:08.526212+00:00
juno17ecu06sjnny263s9ngnpcuu4300wtzlwdku565,1.034408,1,2024-04-11T11:18:48.502314+00:00,2024-04-11T11:18:48.502314+00:00
juno1l9hc8cmqykjfcxy7kdwch432hdt3xlj9qdk9k6,1.029440,1,2023-06-27T04:59:34.117350+00:00,2023-06-27T04:59:34.117350+00:00
juno1ldend3xauhy4eya94jp0gjz5ffyf7xtfedw9ng,1.029114,1,2023-06-26T11:18:04.773672+00:00,2023-06-26T11:18:04.773672+00:00
juno18uv2g8n46hycfduh7ejkhyxkgdgkzlxyahs9mu,1.028474,1,2023-06-26T12:57:03.849337+00:00,2023-06-26T12:57:03.849337+00:00
juno1as5fx6l52s6vp67h2x5lupxn2p3rhyuejqg52c,1.024039,1,2023-06-27T04:47:21.672403+00:00,2023-06-27T04:47:21.672403+00:00
juno1za96gr65kwen7etgnjjvscwgh5k9xyp2eykadt,1.023792,1,2023-06-27T04:41:25.656395+00:00,2023-06-27T04:41:25.656395+00:00
juno19uf9yk3h3m0ztn0zk60llj5l6mu93xpm02gahm,1.023787,1,2024-05-29T12:43:28.912345+00:00,2024-05-29T12:43:28.912345+00:00
juno1hm32q2gchf9we4m0tc38d7702ygv5me3k857md,1.023724,1,2023-06-27T04:20:36.679832+00:00,2023-06-27T04:20:36.679832+00:00
juno1gglmyhqcdt50vq7dz5472xvlcgtesl5w7a4xwm,1.022893,1,2023-06-27T04:27:54.915771+00:00,2023-06-27T04:27:54.915771+00:00
juno17sruvlfr9pxtrsgzrqtz486uh9m6pp95gcx8te,1.021235,1,2023-06-27T04:35:01.058764+00:00,2023-06-27T04:35:01.058764+00:00
juno12jqudm0nrfds5g55rn2jzt3c3hvzyqx8rnytcd,1.021177,1,2023-06-27T04:53:27.024302+00:00,2023-06-27T04:53:27.024302+00:00
juno1323uenwvychnv4gplx9895w43tcd66lu6cvkgx,1.020000,1,2023-04-15T20:12:20.053034+00:00,2023-04-15T20:12:20.053034+00:00
juno1fu2y5077zrl2s9sef2v4d8wg9ppvmhrjl0l9pa,1.019960,1,2024-03-09T05:25:15.304489+00:00,2024-03-09T05:25:15.304489+00:00
juno1ugtt87ssgte7mcamgv27pj4wfsx9s9hre29lpl,1.018905,1,2023-06-26T11:34:45.716026+00:00,2023-06-26T11:34:45.716026+00:00
juno1j2rad9qfxfqnahghdhh7nvnuwt3eh4s4ahm9yh,1.018400,1,2023-09-27T11:46:38.080017+00:00,2023-09-27T11:46:38.080017+00:00
juno14kc7pmt50a3ju3g3kk6t5v3arrznrjfh9ug9n7,1.017078,1,2024-03-17T15:41:21.664966+00:00,2024-03-17T15:41:21.664966+00:00
juno1xmlnhjnm4sdygxqwt7ewjxf67lnde0ck4gfvck,1.016611,1,2024-02-11T09:24:19.767649+00:00,2024-02-11T09:24:19.767649+00:00
juno18vavh7el44qzhm96003ugfcvk0u3ny9zs25nz6,1.016310,1,2023-06-26T11:54:38.862232+00:00,2023-06-26T11:54:38.862232+00:00
juno1pa4k0td2e6qgzy53tmjh0fxamjg6tlh3k906vh,1.015510,1,2023-06-26T12:01:46.353982+00:00,2023-06-26T12:01:46.353982+00:00
juno1kdmpysndjk5m6lvu3sz4mz25e6y04vnmn93n54,1.014872,1,2023-06-26T12:15:38.324582+00:00,2023-06-26T12:15:38.324582+00:00
juno1p9phcs6g4ls4d3sfvzapk89tttu627fff8sfz9,1.014633,1,2023-03-14T20:16:32.730703+00:00,2023-03-14T20:16:32.730703+00:00
juno13wch9cqvesgw3c0rs0uuqt8q608zyyqwsdt2a8,1.014569,1,2023-06-26T12:09:07.180339+00:00,2023-06-26T12:09:07.180339+00:00
juno1l5wc57dhjham2qrugkp6rmruymjueuywhmyht6,1.014216,1,2025-02-23T05:55:45.620013+00:00,2025-02-23T05:55:45.620013+00:00
juno15mmgzuzjmhk4wmvt8553anr0kvma79phtrkgvy,1.013552,1,2023-06-21T04:54:50.908818+00:00,2023-06-21T04:54:50.908818+00:00
juno1fje95rhe9te60pmvwqt436kf8my6ty6cuhf8m3,1.012813,1,2026-01-03T10:41:09.445754+00:00,2026-01-03T10:41:09.445754+00:00
juno10j27mjxv706lkvmw8ewpcwa8ajp3srmju6vgkq,1.012080,1,2025-02-23T05:56:45.580456+00:00,2025-02-23T05:56:45.580456+00:00
juno199s7sp2sfcu9s7z9qf9js4pxj3clem42xvy8n7,1.012053,1,2024-04-12T09:20:54.565710+00:00,2024-04-12T09:20:54.565710+00:00
juno19c57m42ugzjhcdrd8qepql8ue2c97lhwdpzk9p,1.010119,1,2025-10-12T17:43:37.523580+00:00,2025-10-12T17:43:37.523580+00:00
juno10dsca8rfjvn9zawyne2ptf056grf0gptjqpltu,1.010000,1,2023-03-09T21:21:15.271282+00:00,2023-03-09T21:21:15.271282+00:00
juno14wcs3fsvmsdx9flecwj0ryezfuzvms2w57l7rc,1.010000,1,2024-10-10T13:53:53.257725+00:00,2024-10-10T13:53:53.257725+00:00
juno1cq8lqenh33u87wlw2f387pujze8r84k3vfmglc,1.010000,1,2024-12-18T19:19:56.596982+00:00,2024-12-18T19:19:56.596982+00:00
juno1kw82htksxcmgfcjpkvwqmn447zhk62sg52mjkk,1.010000,1,2025-08-07T10:55:54.810822+00:00,2025-08-07T10:55:54.810822+00:00
juno1m0nrf6hwu2x6va7uvxa4897f2ugr0hlv2ad0rj,1.010000,1,2023-06-05T00:43:09.006448+00:00,2023-06-05T00:43:09.006448+00:00
juno1zmd2dgrh25r39f0rj404jzsq9trq76cd6kxl7k,1.009982,1,2024-01-28T18:25:06.104028+00:00,2024-01-28T18:25:06.104028+00:00
juno16792px533n9tqm4hgpx8hsqvxrss53976u9w77,1.009560,1,2022-12-31T03:45:49.183900+00:00,2022-12-31T03:45:49.183900+00:00
juno1l0mlqmxn20cmp02ulweq67gyafjz4qkffv6x8u,1.008961,1,2023-06-26T12:25:33.990692+00:00,2023-06-26T12:25:33.990692+00:00
juno1wt8a4wkkka7rnt7xcrruqcwtqfyl5kjcajladc,1.008270,1,2023-06-26T12:33:12.944241+00:00,2023-06-26T12:33:12.944241+00:00
juno1hn5pknmjdqnnxvmgjcz7srtt872lnjmak43pls,1.008000,1,2024-07-21T23:51:29.996070+00:00,2024-07-21T23:51:29.996070+00:00
juno1jhk96f78lzgty80s5yu33n0fc7fxvc0jx0xu3m,1.006244,1,2023-06-26T08:29:35.438753+00:00,2023-06-26T08:29:35.438753+00:00
juno1s67dxfqx2wnhjpd4w27dw9cn734fa4l039tvze,1.006207,1,2026-03-19T18:46:36.063925+00:00,2026-03-19T18:46:36.063925+00:00
juno1lxxqd420n4saq04rqjw30w04s6ckngytdudksk,1.006078,1,2023-06-26T08:30:41.710014+00:00,2023-06-26T08:30:41.710014+00:00
juno1mllj5s5fw80e30l3gafupg364p35kpm3xz7x8t,1.005197,1,2024-04-07T16:32:42.645358+00:00,2024-04-07T16:32:42.645358+00:00
juno1ysxxxwee4g8lahfla6ngn4amc9yqffpsslsysj,1.004747,1,2023-08-05T00:35:22.052340+00:00,2023-08-05T00:35:22.052340+00:00
juno1gcatcjwteap6zzmu4ryq2g235jmrncltfn993p,1.003463,1,2026-08-19T16:57:21.974613+00:00,2026-08-19T16:57:21.974613+00:00
juno1z0lln903z8gywd9scqtkgnwnztx33w6l5wrv02,1.003288,1,2023-06-26T11:25:35.814361+00:00,2023-06-26T11:25:35.814361+00:00
juno1a8l3qtcq8x5k82du5ekmg0m2zw8ek9w3xdemez,1.002136,1,2025-02-18T11:01:21.418307+00:00,2025-02-18T11:01:21.418307+00:00
juno18zhhdrjd5qfvewnu5lkkgv6w7rtcmzh3ffwtg7,1.002099,1,2026-01-12T09:44:52.846718+00:00,2026-01-12T09:44:52.846718+00:00
juno12zj672nek2fjrgsrje6dfje84lt34ycw78a8qx,1.001844,1,2024-04-27T20:19:10.107209+00:00,2024-04-27T20:19:10.107209+00:00
juno1dxa4svt7t9ev6x3vxynfq0haxuv0llmw9xz3ck,1.001381,1,2023-06-26T08:52:29.485654+00:00,2023-06-26T08:52:29.485654+00:00
juno13nhlg7cqspec5e0yv0n6nts3zcmfnc6hzjmjy2,1.001121,1,2026-01-21T13:04:54.579601+00:00,2026-01-21T13:04:54.579601+00:00
juno10ycq2rvf56zl49z2mnyg4ttqjmfmjz992gxglc,1.001000,1,2024-03-03T16:23:37.579496+00:00,2024-03-03T16:23:37.579496+00:00
juno1w7y3vd7q4xavtntt5tgkgm88wcv3j2rk5tcv8h,1.000783,1,2026-04-27T23:13:25.158795+00:00,2026-04-27T23:13:25.158795+00:00
juno1d8hqrj8saengp0734ha8zhzsr2az8a9e78c5ct,1.000446,1,2026-03-23T10:07:59.714815+00:00,2026-03-23T10:07:59.714815+00:00
juno1h28e9hc5nd98ezg5ym6w9jag3kk8fjv2nsq2p7,1.000107,1,2026-01-05T11:53:51.837667+00:00,2026-01-05T11:53:51.837667+00:00
juno13m36fkmqvy9neth6pvvfdps7h6r5tz2rcnyxhz,1.000019,1,2024-12-23T09:10:18.398722+00:00,2024-12-23T09:10:18.398722+00:00
juno10394355uak9czzqmgedmsfyt9gzd0jlpl6eq2c,1.000000,1,2024-07-05T16:02:59.895279+00:00,2024-07-05T16:02:59.895279+00:00
juno12tdulmvjmsmpaqrpshz0emu0h9sqz5x5jkmerz,1.000000,1,2024-06-05T21:38:23.849874+00:00,2024-06-05T21:38:23.849874+00:00
juno130klgc4fe2jxwan6eq6lhszk2efa99qvajg957,1.000000,1,2024-06-03T21:10:33.404431+00:00,2024-06-03T21:10:33.404431+00:00
juno139ey05mq4jz2tahflhxn8akr6t8yu62hfmexsn,1.000000,1,2025-03-02T11:12:14.984609+00:00,2025-03-02T11:12:14.984609+00:00
juno15kgrzzlpnszd8n7gld8c3rk445n2ztzy0nnwkc,1.000000,1,2023-02-07T13:06:50.492192+00:00,2023-02-07T13:06:50.492192+00:00
juno15ut3tn7twxtwnnv4r7fqvmnxhy2ynp39hnfswr,1.000000,1,2024-03-13T06:33:37.791871+00:00,2024-03-13T06:33:37.791871+00:00
juno15xqtcn87vwskr25aj0g78fksfk2dpm8q3z6sk0,1.000000,1,2024-06-05T21:40:34.371864+00:00,2024-06-05T21:40:34.371864+00:00
juno164jfqkhjwcugqg0kl8m4a9hxsnks6nul6v4v2c,1.000000,1,2023-06-17T16:01:58.500966+00:00,2023-06-17T16:01:58.500966+00:00
juno17uld3yhlryf7v8zzl0v6eekaf87zvngu2uzmh7,1.000000,1,2024-03-29T02:53:05.284350+00:00,2024-03-29T02:53:05.284350+00:00
juno185eyku8zusq4mukcl4724yuv9stcu2lexqdqz8,1.000000,1,2025-02-08T22:06:17.454029+00:00,2025-02-08T22:06:17.454029+00:00
juno18dpnjxslnrv6jryek3weqs5ndukussuma9rsrf,1.000000,1,2024-03-20T18:34:58.091036+00:00,2024-03-20T18:34:58.091036+00:00
juno196ypcvpcwy0kgy90px49478pf0kedq8ctmzpc9,1.000000,1,2023-02-07T13:08:03.087831+00:00,2023-02-07T13:08:03.087831+00:00
juno19kk2gcxyhp9qe8nrldctdjqygevqa3hn5wgreu,1.000000,1,2024-05-17T08:18:25.095122+00:00,2024-05-17T08:18:25.095122+00:00
juno19pe553u82zthd3jedt0jf7hszu92jx50v9yhw7,1.000000,1,2024-12-18T18:32:49.807180+00:00,2024-12-18T18:32:49.807180+00:00
juno19yssr677uxtauv8hpfg4t4ystqx4dj9xjwc89j,1.000000,1,2025-02-18T19:06:28.294738+00:00,2025-02-18T19:06:28.294738+00:00
juno1a8gx9m553deeajj8jcdlp37tgwqyy2c06578qf,1.000000,1,2025-03-03T21:23:39.186135+00:00,2025-03-03T21:23:39.186135+00:00
juno1crj4kn35lyff9ru5ky40zqzlpafdqrq24zz4ka,1.000000,1,2024-03-27T22:39:59.383666+00:00,2024-03-27T22:39:59.383666+00:00
juno1cwecw85ecn5zjppfsm59ddsa7gqa3pnfatvcpz,1.000000,1,2024-03-12T14:25:51.302439+00:00,2024-03-12T14:25:51.302439+00:00
juno1em77tkwz4cm32v22uu8x9fj4kwr0q7tsl45spk,1.000000,1,2024-03-29T03:09:34.059283+00:00,2024-03-29T03:09:34.059283+00:00
juno1ey5aeyezjug2xzuswl9ahkhn0mycnrvza0hqj4,1.000000,1,2023-02-08T09:10:01.390455+00:00,2023-02-08T09:10:01.390455+00:00
juno1f0kcpeuys5mhdcpq87xmgh4vny8vwkl0t6tk2m,1.000000,1,2024-03-13T16:03:32.083594+00:00,2024-03-13T16:03:32.083594+00:00
juno1ffvhvyrntp4l99xqgn2vvly6v4kn2xlhcfvfzr,1.000000,1,2025-08-18T14:43:52.452473+00:00,2025-08-18T14:43:52.452473+00:00
juno1fmmkme8sa5a9lvf5z4dqv8slk7je26cpmsun2y,1.000000,1,2024-12-15T19:15:23.247637+00:00,2024-12-15T19:15:23.247637+00:00
juno1g3wt9ap64w0kvcqhtd3p56jlqhnaaw7egclm5h,1.000000,1,2023-02-07T13:07:32.525491+00:00,2023-02-07T13:07:32.525491+00:00
juno1g8yq39gcysxam0hzw5qqwj67p8fce086ye968s,1.000000,1,2026-06-12T07:42:59.184624+00:00,2026-06-12T07:42:59.184624+00:00
juno1gv8dtln9fxc7tpknagxn2h73zfzjkl0f3pwlpk,1.000000,1,2024-06-05T21:39:45.307114+00:00,2024-06-05T21:39:45.307114+00:00
juno1hc4gzcqx2j2f4vt9ezprh28rxglnegytm4flxa,1.000000,1,2025-03-02T10:54:30.772275+00:00,2025-03-02T10:54:30.772275+00:00
juno1hcj67a0jfmy3pk4nth37zc2jntw5my53jpxdl5,1.000000,1,2025-03-07T15:04:03.833797+00:00,2025-03-07T15:04:03.833797+00:00
juno1hqr492lj8tduq4lgprtq4ra5wpkpxwfflj3gzk,1.000000,1,2023-02-07T13:08:57.539717+00:00,2023-02-07T13:08:57.539717+00:00
juno1hruemq3recacnk4k2pfj6vpuqay4awek7hjnda,1.000000,1,2024-03-28T02:01:02.709153+00:00,2024-03-28T02:01:02.709153+00:00
juno1kc5aczjdyggu4yt08v44fplnhkwx98pgu7zkmv,1.000000,1,2023-02-15T18:16:05.355242+00:00,2023-02-15T18:16:05.355242+00:00
juno1lcdvgnfxn00pk5tqy2ual4f4z59j8szyfgjmyw,1.000000,1,2023-02-07T13:07:08.565815+00:00,2023-02-07T13:07:08.565815+00:00
juno1m3567wl3jl0dwvm5m3et07hwmg83vvn892n0ej,1.000000,1,2024-02-08T01:18:15.555690+00:00,2024-02-08T01:18:15.555690+00:00
juno1mg83cpata7hz33cuw3v0z4l0zrtlchnqv3zgfl,1.000000,1,2024-04-17T00:08:56.556829+00:00,2024-04-17T00:08:56.556829+00:00
juno1mvl5rj8cj4mgmu78gldr0lpmxc0ewf4jja6rp0,1.000000,1,2023-02-07T13:08:20.911165+00:00,2023-02-07T13:08:20.911165+00:00
juno1ncfc7rwtga6q92rgv4djlfac8faaavjn87shns,1.000000,1,2024-03-13T00:26:59.894330+00:00,2024-03-13T00:26:59.894330+00:00
juno1q4ewktp8yzu6qs592klf9cmjl0y3g02zrrw9qf,1.000000,1,2023-04-06T22:08:16.313866+00:00,2023-04-06T22:08:16.313866+00:00
juno1qr20et89w8z85fjkelakvfx0d3t0nvqkj6v7te,1.000000,1,2024-04-10T05:50:52.023862+00:00,2024-04-10T05:50:52.023862+00:00
juno1qw8vwzfzquczf43gpk909tcrl5dnqe950khu2p,1.000000,1,2023-02-07T23:39:39.987095+00:00,2023-02-07T23:39:39.987095+00:00
juno1s7etsu4shngp35zq5nef5629hpqulcls876yr9,1.000000,1,2025-02-20T17:57:08.205079+00:00,2025-02-20T17:57:08.205079+00:00
juno1t5zgnfz0jrvflywjmgs95rey3un57n4204dfnm,1.000000,1,2025-02-18T19:49:05.014924+00:00,2025-02-18T19:49:05.014924+00:00
juno1tg20eujl62v226h0404thnu4pu42rd8vypt35g,1.000000,1,2023-01-29T11:56:13.540823+00:00,2023-01-29T11:56:13.540823+00:00
juno1v2c35zp594pkeg3l4kafcvyck0fhnl32ep8tes,1.000000,1,2024-05-14T12:44:20.006542+00:00,2024-05-14T12:44:20.006542+00:00
juno1vfga73yc98melxja48z6l6me9y8plcf2kke430,1.000000,1,2025-01-04T14:23:25.766417+00:00,2025-01-04T14:23:25.766417+00:00
juno1vk6z2aa4hwf5kkd07248q8sm5xqzdduekrupq4,1.000000,1,2025-02-18T19:08:10.683596+00:00,2025-02-18T19:08:10.683596+00:00
juno1vszqaujmj8daqn9uuhwz0247jxmu7eq6m4f87j,1.000000,1,2024-02-12T07:58:00.679047+00:00,2024-02-12T07:58:00.679047+00:00
juno1w45ahwhrvnqky9mgud38x4yxnhlu4jpe3lkmrh,1.000000,1,2026-03-24T14:13:20.647330+00:00,2026-03-24T14:13:20.647330+00:00
juno1w8800khamp94n7htclskt0hdlxe9rn8c47wp7p,1.000000,1,2023-08-27T07:58:17.411522+00:00,2023-08-27T07:58:17.411522+00:00
juno1wc4pu9w2gmd62h0an9gaej3wwsdfxceyh3g4x7,1.000000,1,2025-02-18T07:18:25.202956+00:00,2025-02-18T07:18:25.202956+00:00
juno1wgxe26nrqxtrd2kcq3gy5pcvy5d85gelyghpk2,1.000000,1,2024-05-14T11:18:03.578885+00:00,2024-05-14T11:18:03.578885+00:00
juno1wqtsfjrkdd6s48dn2545ejvt7kerms3np743n9,1.000000,1,2022-11-16T18:51:09.572272+00:00,2022-11-16T18:51:09.572272+00:00
juno1wxunq2xwsw7zqcuukxeketyvp6ptj3rrtsqtyt,1.000000,1,2023-07-08T14:23:42.995449+00:00,2023-07-08T14:23:42.995449+00:00
juno1xmnd36lsev76lw8n68wz35fty2qrsdg3phrm6y,1.000000,1,2024-06-05T21:39:22.519274+00:00,2024-06-05T21:39:22.519274+00:00
juno1xpjenqlc2x8e67c9zcjp2cqskxwdzm99mz4jdk,1.000000,1,2025-02-18T07:15:45.611932+00:00,2025-02-18T07:15:45.611932+00:00
juno1xxzc8awwllqq4waxtej8u8vlyr89lmuyx2xwtc,1.000000,1,2026-08-11T15:22:58.101257+00:00,2026-08-11T15:22:58.101257+00:00
juno1yh562ndgnmtwur8rnr0urhqsrnjadycmpu4mep,1.000000,1,2025-02-15T18:17:09.280376+00:00,2025-02-15T18:17:09.280376+00:00
juno1ylfytnu0p6rehr8wjm9emzyk2pr8yv2wz2c9fq,1.000000,2,2023-08-16T22:46:55.720700+00:00,2024-01-23T18:00:34.090825+00:00
juno1ywzjpcefz6wjuzwk977365vqythttv0zza8wch,1.000000,1,2023-02-07T13:09:15.876664+00:00,2023-02-07T13:09:15.876664+00:00
juno1yz3t5mfgga2queewsa70w3j9vt54du0ahuqndd,1.000000,1,2023-02-07T13:08:38.807704+00:00,2023-02-07T13:08:38.807704+00:00
juno1z7293l0m85qgj8s8xd34eaxmz9j7av6adyf0e4,1.000000,1,2024-03-28T01:59:32.113223+00:00,2024-03-28T01:59:32.113223+00:00
juno1zd2j8zjnnjk86funkde8gh6szpcrt5h96ngfl9,1.000000,1,2024-02-10T02:04:44.175874+00:00,2024-02-10T02:04:44.175874+00:00
juno1zdexhg5hnu7tyl0x36d0vmwfu364jr2stj9tcx,1.000000,1,2024-02-23T18:06:32.230219+00:00,2024-02-23T18:06:32.230219+00:00
juno1zhek7k2g4qpnmhh867gfy3edqu0sjyfxj9sjr5,1.000000,1,2023-04-24T08:14:04.522365+00:00,2023-04-24T08:14:04.522365+00:00
juno1zj0p0a58sx8c5lf5lt7xfpwgysl4q4wafsftf6,1.000000,1,2024-06-05T21:40:08.766197+00:00,2024-06-05T21:40:08.766197+00:00
juno1zqqj40n9vuve4hl84a0rhdzqkxzk42ttc0lzyg,1.000000,1,2025-03-11T21:30:48.748182+00:00,2025-03-11T21:30:48.748182+00:00
juno1d58f52r5nhdytsudtkgnwy7yjtx74gvls5qa83,0.893834,1,2023-02-21T16:49:39.104551+00:00,2023-02-21T16:49:39.104551+00:00
juno1w2thvet5hp3rssqts0kg4sjnk2kydrsrm5wkrm,0.665324,1,2024-01-30T23:40:01.563834+00:00,2024-01-30T23:40:01.563834+00:00
juno15vhalwk5m77uql6h664xckrzak5g6rkrxdltwg,0.617497,1,2023-08-22T13:58:24.701547+00:00,2023-08-22T13:58:24.701547+00:00
juno1qgf2r9jzap77e4mqqpsm4devef5yetllavq93r,0.557468,1,2023-04-20T02:27:58.844475+00:00,2023-04-20T02:27:58.844475+00:00
juno1zqslqupp7jft8sf23ydqppy3yn4fmdws5qtwp5,0.537640,1,2024-03-29T03:11:48.633162+00:00,2024-03-29T03:11:48.633162+00:00
juno13r98wmyr69njansayex5u6t7lldh9a5zfxq67c,0.530063,1,2022-12-27T20:36:41.937356+00:00,2022-12-27T20:36:41.937356+00:00
juno1wnrq9jsxqm7plqk60kn6vhphyjgdh9achcwyqr,0.521983,1,2023-04-20T02:26:39.400149+00:00,2023-04-20T02:26:39.400149+00:00
juno1m4qjakxzf9qlgpjpd0jws4qk2jq9gnttnxacg7,0.516984,1,2023-04-10T06:44:43.973061+00:00,2023-04-10T06:44:43.973061+00:00
juno1v9w49rtdpkwxeje8xnx9pnf9z9hyr2e06dh9av,0.516669,1,2026-07-08T16:08:21.875891+00:00,2026-07-08T16:08:21.875891+00:00
juno13njw5d4vhepn7cplsh6kmfvwmueanjqyzz40ms,0.516137,1,2022-11-15T17:38:37.201157+00:00,2022-11-15T17:38:37.201157+00:00
juno103hn5wdhau9ly968z7n3a9360v7gw9v9d0vmsp,0.516113,1,2024-05-19T21:56:19.643216+00:00,2024-05-19T21:56:19.643216+00:00
juno178uwvwx7ulj2snpd3sneswsd8xu4g3ur0yh437,0.510000,1,2023-09-14T08:26:25.389491+00:00,2023-09-14T08:26:25.389491+00:00
juno1qdh9gzkzeaxfdlg9cqlq805ksa8y43vtq4vkmv,0.510000,1,2024-07-08T20:41:10.289810+00:00,2024-07-08T20:41:10.289810+00:00
juno1y6603qh08ttze6vaqr3ucmclq4xxj88xypjlhf,0.508171,1,2024-04-16T08:24:13.240113+00:00,2024-04-16T08:24:13.240113+00:00
juno144vf3489s7ddj3y43mpfxqvga40u2mhlpn6mvg,0.507603,1,2023-05-03T23:40:52.117484+00:00,2023-05-03T23:40:52.117484+00:00
juno1uhc2jpk7z4mlgt9u7xpf2vgleupf3ehw3s744r,0.506149,1,2025-02-18T03:37:47.067962+00:00,2025-02-18T03:37:47.067962+00:00
juno149dd9ynts3tda9fdu08y8u6q3wx88apgqsqqxg,0.501000,1,2024-04-12T09:20:16.474763+00:00,2024-04-12T09:20:16.474763+00:00
juno1082q0w0avzvgzvzwkz3hvj2xavycdfnvjh29j3,0.500000,1,2024-05-04T01:09:12.441915+00:00,2024-05-04T01:09:12.441915+00:00
juno13cmyzqqqcp5zzp5shjtgqyaardphn3e3lxm656,0.500000,1,2023-01-05T12:55:41.049518+00:00,2023-01-05T12:55:41.049518+00:00
juno17pwjvfwvysx9watqft76rgjdkvvc9angzxyyrw,0.500000,1,2024-04-09T10:34:49.337134+00:00,2024-04-09T10:34:49.337134+00:00
juno18a6aqwqmm2ltfjkh4w8ya0z5yx5grra34fws2n,0.500000,1,2025-02-20T21:47:11.586718+00:00,2025-02-20T21:47:11.586718+00:00
juno1ahl5zxgggk3ped3n20thdw3trfcpdta88epr7g,0.500000,1,2023-01-05T12:56:53.492962+00:00,2023-01-05T12:56:53.492962+00:00
juno1e7thmsxdvgef636sljs322mxxwl563mmnlnac5,0.500000,1,2024-06-17T19:00:01.461682+00:00,2024-06-17T19:00:01.461682+00:00
juno1ks2z0xl2dczwlavfyk24v36xhl9jx3xg788l7s,0.500000,1,2025-08-02T08:16:10.876459+00:00,2025-08-02T08:16:10.876459+00:00
juno1lh8lw6zp2hjcmx0s9pkl38j36mqk6tfffw8mw8,0.500000,1,2023-03-14T23:40:31.706881+00:00,2023-03-14T23:40:31.706881+00:00
juno1n7qz350r986ka4gq0ze5vu8ud9pwyq9fu8ampe,0.500000,1,2023-01-05T12:54:31.973514+00:00,2023-01-05T12:54:31.973514+00:00
juno1nfl4mkc0xglpxmsnzu35cd6x3ptnkkc7r7kgs6,0.500000,1,2024-04-09T10:30:59.309649+00:00,2024-04-09T10:30:59.309649+00:00
juno1p2zhxj0ld8dgxu6vsxnmfn547hq6m2lh2v7nps,0.500000,1,2023-01-05T12:56:11.108055+00:00,2023-01-05T12:56:11.108055+00:00
juno1qcsaaqwy3fq0k4g4k23lyr7fshdsfrgtyapam2,0.500000,1,2023-01-05T12:55:17.407310+00:00,2023-01-05T12:55:17.407310+00:00
juno1qk47r3uedx239ku9mxkntuw0kcv5fkz6exltnf,0.500000,1,2023-01-05T12:56:35.088408+00:00,2023-01-05T12:56:35.088408+00:00
juno1tezhz36cvu8z5tvgwva7sud5sdh7uzaccsts5c,0.500000,1,2023-01-05T12:57:16.996741+00:00,2023-01-05T12:57:16.996741+00:00
juno1ul6dz9wez5xctu3mjcqzlp2e4r40jl4k3nsyct,0.500000,1,2024-04-09T10:42:34.732496+00:00,2024-04-09T10:42:34.732496+00:00
juno1vje9rhpcaen9jw53xrf22hpnvyhzvnwv3vp70f,0.500000,1,2024-01-29T23:36:06.199185+00:00,2024-01-29T23:36:06.199185+00:00
juno1xn09sfuauf5wq8mts6g8w6q05clqmcvy8wk4u8,0.500000,1,2023-01-05T12:57:35.515958+00:00,2023-01-05T12:57:35.515958+00:00
juno1xx5rslmmtxxcyqqk0s5x9m5azxayfcveydk45l,0.500000,1,2024-03-27T19:05:40.580976+00:00,2024-03-27T19:05:40.580976+00:00
juno1y0z608wva8ds5867668vcg90rwrmu6p4q4mvsq,0.500000,1,2023-01-05T12:57:53.639846+00:00,2023-01-05T12:57:53.639846+00:00
juno1ypsvuflcpdqr2msfqu3u77pqqspgl2htngezd5,0.500000,1,2024-05-04T01:07:20.213576+00:00,2024-05-04T01:07:20.213576+00:00
juno1yvxt3q2ltknygfvthdl5uvdwtt9nam6z3dn4f9,0.500000,1,2023-01-05T12:58:17.436697+00:00,2023-01-05T12:58:17.436697+00:00
juno1qmxnq0dstuygxu6jdgcxr2pupnp9h6pvxzmp76,0.449481,1,2024-07-23T14:23:19.854568+00:00,2024-07-23T14:23:19.854568+00:00
juno1l50xgw8fccuscvtnjmvyutxadryglfplysezu0,0.396036,1,2025-02-26T17:24:29.280600+00:00,2025-02-26T17:24:29.280600+00:00
juno15j46nt4mfsl3m0dugf8e5zxvjp8hgla4936aws,0.344553,1,2024-06-16T02:07:58.897726+00:00,2024-06-16T02:07:58.897726+00:00
juno16dgmlh68xdmaf07wlkv85jnfc9zc0xmpm3d63a,0.300000,1,2025-10-30T21:28:32.723108+00:00,2025-10-30T21:28:32.723108+00:00
juno1qdzgugsx5zueucmj54ugr7rtllkksh37qvcc5q,0.261492,1,2024-05-02T07:31:05.587661+00:00,2024-05-02T07:31:05.587661+00:00
juno1tlpzqu6tg3ry82mvxdsc8vnm3aqnqmvq4kzh62,0.250000,1,2025-03-07T15:05:50.360154+00:00,2025-03-07T15:05:50.360154+00:00
juno1vxqzju8s4lmf63madzmaekz7lk6x4nvq3al0gu,0.227808,2,2024-06-01T23:46:41.802551+00:00,2024-06-06T00:19:28.401350+00:00
juno1kw45ze5k8zdfyyzxmk3zlqa73egjlhjdtus0l8,0.220000,1,2024-01-25T09:44:55.492383+00:00,2024-01-25T09:44:55.492383+00:00
juno12gmpp2fp2axr7r92w2na6ucq04svvka6z833fv,0.210000,1,2024-03-20T16:49:47.731725+00:00,2024-03-20T16:49:47.731725+00:00
juno14eqgrtjzqkg76q6k6thh8xrmf6tea2gvgk3qsx,0.200000,1,2024-09-08T14:42:35.095453+00:00,2024-09-08T14:42:35.095453+00:00
juno14tjdfud46edn3009v4fm5jmx8v7ny5ydyhphp2,0.200000,1,2024-11-27T17:34:56.784997+00:00,2024-11-27T17:34:56.784997+00:00
juno1nwqq6jxcw8kcvk6deqesaslpatgzfdql08eww3,0.200000,1,2025-02-16T05:54:39.564455+00:00,2025-02-16T05:54:39.564455+00:00
juno1t75npj8jggjyax7jnvj6tjzgxsls4e4mz7c4tq,0.200000,1,2023-05-07T10:52:14.180378+00:00,2023-05-07T10:52:14.180378+00:00
juno1yq8g7javg0n4uczlcw64nmxwf4kc4cyeprl34m,0.150000,1,2025-10-02T00:46:53.470321+00:00,2025-10-02T00:46:53.470321+00:00
juno178wsr62lq25crpvag0r5wep2jplw3jqvs67ka3,0.134517,1,2023-05-23T10:07:20.507152+00:00,2023-05-23T10:07:20.507152+00:00
juno1dee49wp72ynkqyjrs6wetq8y2zegdmsw8vt38u,0.107827,1,2023-07-31T09:14:48.382094+00:00,2023-07-31T09:14:48.382094+00:00
juno1xzqhvaczuwj0munmu3eyrhuh5pwragmvhcdv2r,0.103819,1,2023-04-10T09:17:56.025909+00:00,2023-04-10T09:17:56.025909+00:00
juno100fjd4fgvavlevh44wqtfl8e46ryyzmhy0gkqj,0.100000,1,2025-01-08T08:53:16.434162+00:00,2025-01-08T08:53:16.434162+00:00
juno14apve2mug3wtceuwhkfdnkht85e3s6cmsruvg6,0.100000,1,2024-05-04T10:49:28.350322+00:00,2024-05-04T10:49:28.350322+00:00
juno1kxykphkk82x4pk5nzq2kq5f2r6n69k73vsff62,0.100000,1,2025-01-06T07:38:02.630393+00:00,2025-01-06T07:38:02.630393+00:00
juno1xrv89wtat29mkgr3y3hed7pn2a4uxp733fmp7l,0.100000,1,2025-02-21T21:56:50.571131+00:00,2025-02-21T21:56:50.571131+00:00
juno173sxh0zms7d8nwwr96ahaaw657u3dj84wwyyja,0.094718,1,2022-12-18T19:04:10.280969+00:00,2022-12-18T19:04:10.280969+00:00
juno1px2q40q3twagt23d4jc7nwdu2kdw59dhxsl4kr,0.059113,1,2023-03-18T11:59:57.523130+00:00,2023-03-18T11:59:57.523130+00:00
juno1l7s5a7vp9j7welu48g8ply3eg8mce33cfa9y7a,0.032528,1,2024-04-17T21:02:28.496582+00:00,2024-04-17T21:02:28.496582+00:00
juno1az0f6dhncud2ku4smyp0vz38fyhgtd4jllwl04,0.028519,1,2025-02-18T19:23:14.823797+00:00,2025-02-18T19:23:14.823797+00:00
juno1mhc78futma93vnhaf8p3gz4t9z0uudgypzsn0v,0.012600,1,2023-02-22T14:15:27.848363+00:00,2023-02-22T14:15:27.848363+00:00
juno1zaertzj3cuqs0yzw4arglrukph3vyvmrhscevm,0.010212,1,2022-11-22T07:10:56.978784+00:00,2022-11-22T07:10:56.978784+00:00
juno1gxe0aq7wd3c0ufqy8gmw9sg29ed4q9vt2mt2tz,0.009906,1,2023-06-05T18:15:20.774390+00:00,2023-06-05T18:15:20.774390+00:00
juno1snnphc4n9d2cpfg0a8w3d3qmt8sh7ha4n6jqtz,0.009499,1,2024-01-23T03:15:01.304006+00:00,2024-01-23T03:15:01.304006+00:00
juno1gcafwtsrr3596x7jcslfm7376en8p59u7s5uja,0.007187,1,2024-05-09T16:28:07.385391+00:00,2024-05-09T16:28:07.385391+00:00
juno13hntztxnj65qd0ndtcfyksv6ye9mcgty8mf98l,0.006742,1,2024-03-30T16:12:11.116192+00:00,2024-03-30T16:12:11.116192+00:00
juno185cd5utlg02pw2jvz7fdfqgn0ud8gu6hzk878r,0.006305,1,2023-01-21T14:05:59.850653+00:00,2023-01-21T14:05:59.850653+00:00
juno10pys5yyuh895rezrqlzd5m5ja5hje655tc35xm,0.005533,1,2025-03-02T07:54:45.313638+00:00,2025-03-02T07:54:45.313638+00:00
juno1qvd7dlxreh7yycj3s36mu0cpmqk766ujyzclnn,0.002162,1,2024-05-31T21:00:18.958315+00:00,2024-05-31T21:00:18.958315+00:00
juno1c5g8xw3dfcxypw65j7aa4j29hetr4wy4ju0fpa,0.001506,1,2024-06-28T17:22:36.658248+00:00,2024-06-28T17:22:36.658248+00:00
juno1vjvnf2j2evcxh7h0fj7eevk3qfxay2q4putcw4,0.001035,1,2022-12-01T07:07:08.297822+00:00,2022-12-01T07:07:08.297822+00:00
juno1tdnzny8pmvxrzjan636x9tw8yqfys3q0qe6fkf,0.000678,1,2023-01-22T16:02:14.594661+00:00,2023-01-22T16:02:14.594661+00:00
juno1e00s43ktrvh55uwu8r8z7puvyzv429mluln364,0.000267,2,2023-01-30T15:20:02.920516+00:00,2023-01-30T15:55:28.074993+00:00
juno14kee6p7j54gfxzzl65jv2pxrflz4aqu7wgu5g3,0.000050,1,2022-12-12T16:33:12.206206+00:00,2022-12-12T16:33:12.206206+00:00
juno124mke74y8gm9n49hd6akr3wkwunv3vfhy7zvuj,0.000049,1,2023-07-30T22:06:40.383693+00:00,2023-07-30T22:06:40.383693+00:00
juno16mrjtqffn3awme2eczhlpwzj7mnatkeluvhj6c,0.000001,1,2022-12-14T18:56:55.703630+00:00,2022-12-14T18:56:55.703630+00:00
juno10ef8qz2mcsdyalm3fjq9j0l3w2qpnnu9xmzzgy,0.000000,1,2024-02-15T03:11:15.846483+00:00,2024-02-15T03:11:15.846483+00:00
juno1d8xtuav36xg7hp6lv6u69gexpd8sunaeqepz08,0.000000,1,2025-11-19T22:48:53.838781+00:00,2025-11-19T22:48:53.838781+00:00
